{"current_local": "rus", "music_volume": 0.14054054054054055, "sound_volume": 0.17297297297297298, "lang_options": ["\u0440\u0443\u0441\u0441\u043a\u0438\u0439", "\u043b\u0430\u0442\u0438\u043d\u0441\u043a\u0438\u0439", "\u043a\u0438\u0442\u0430\u0439\u0441\u043a\u0438\u0439"]}