{"current_local": "rus", "music_volume": 0.032432432432432434, "sound_volume": 0.05945945945945946, "lang_options": ["\u0440\u0443\u0441\u0441\u043a\u0438\u0439", "\u043a\u0438\u0442\u0430\u0439\u0441\u043a\u0438\u0439", "\u043b\u0430\u0442\u0438\u043d\u0441\u043a\u0438\u0439"], "saves": {"4": ["screenshots/screenshot_4.jpg", "03/20/22 00:08:42"], "5": ["screenshots/screenshot_5.jpg", "03/20/22 00:09:03"]}}